## release,document,version,
146 ,SSN/025,1,
146 ,SUN/167,4,
147 ,SUN/204,1,
148 ,SUN/160,1,
148 ,SUN/183,2,
149 ,SUN/140,4,
150 ,SSN/036,1,
150 ,SUN/001,14,
150 ,SUN/022,6,
151 ,SGP/046,1,
151 ,SUN/095,9,
151 ,SUN/207,1,
152 ,SUN/083,13,
154 ,SUN/050,19,
153 ,SUN/150,4,
155 ,SUN/018,6,
152 ,SUN/067,34,
155 ,SUN/109,7,
156 ,SUN/137,3,
156 ,SUN/037,11,
156 ,SG/0003,5,
156 ,SG/0007,4,
156 ,MUD/045,1,
157 ,SUN/199,2,
158 ,SGP/048,1,
158 ,SUN/183,3,
160 ,SSN/021,2,
161 ,SUN/208,1,
162 ,SUN/180,2,
162 ,SUN/181,2,
162 ,SUN/190,2,
163 ,SUN/041,4,
164 ,SUN/129,4,
164 ,SSN/037,1,
164 ,SGP/049,1,
165 ,SGP/025,12,
166 ,SUG    ,9,
166 ,SUN/001,15,
166 ,SUN/086,11,
166 ,SSN/023,2,
166 ,SSN/030,2,
167 ,SUN/078,8,
168 ,SGP/031,11,
168 ,SSN/029,2,
168 ,SUN/144,8,
169 ,SG/0009,1,
170 ,SUN/137,4,
171 ,SUN/139,5,
172 ,SUN/067,35,
172 ,SUN/146,3,
173 ,SUN/145,6,
173 ,SUN/209,1,
173 ,SUN/212,1,
174 ,SC/0003,1,
174 ,SUN/160,2,
175 ,SUN/028,11,
177 ,SUN/086,12,
177 ,SUN/182,5,
178 ,SUN/053,3,
179 ,SUN/212,2,
179 ,SSN/067,1,
180 ,SUN/027,5,
181 ,SUN/171,1,
181 ,SUN/144,9,
182 ,SGP/050,1,
182 ,SUN/019,5,
182 ,SUN/038,8,
182 ,SUN/152,3,
183 ,SUN/100,13,
184 ,SUN/109,8,
185 ,SUN/160,3,
186 ,SSN/023,3,
188 ,SUN/137,5,
189 ,SUN/181,3,
190 ,SUN/139,6,
191 ,SUN/045,6,
191 ,SUN/190,3,
192 ,SUN/180,3,
193 ,SUN/214,1,
194 ,SC/0002,2,
194 ,SG/0008,2,
194 ,SGP/051,1,
194 ,SUN/203,2,
195 ,SGP/047,1,
195 ,SUN/194,2,
196 ,SG/0010,1,
196 ,SGP/046,2,
196 ,SUN/212,3,
198 ,SC/0004,1,
198 ,SC/0005,1,
198 ,SC/0006,1,
198 ,SC/0007,1,
198 ,SG/0009,2,
199 ,SUN/001,16,
199 ,SUN/167,5,
199 ,SUN/213,1,
199 ,SSN/025,2,
201 ,SUN/186,2,
200 ,SUN/086,13,
201 ,SUN/200,2,
201 ,SUN/218,1,
201 ,SUN/219,1,
202 ,SUN/217,1,
202 ,SUN/220,1,
202 ,SSN/068,2,
202 ,SSN/035,2,
202 ,SUN/067,36,
203 ,SUN/181,4,
203 ,SUN/190,4,
205 ,SUN/009,7,
205 ,SC/0009,1,
205 ,SSN/024,3,
205 ,SUN/197,2,
206 ,SC/0010,1,
206 ,SUN/216,1,
206 ,SGP/052,1,
207 ,SUN/066,5,
207 ,SUN/055,7,
207 ,SC/0011,1,
207 ,SUN/166,4,
207 ,SUN/042,5,
207 ,SUN/095,10,
207 ,SUN/152,4,
207 ,SUN/199,3,
207 ,SGP/028,8,
207 ,SGP/050,2,
207 ,SUN/212,4,
208 ,SUG    ,10,
207 ,SUN/086,14,
209 ,SGP/050,3,
209 ,SUN/170,2,
209 ,SUN/184,2,
209 ,SC/0012,1,
209 ,SC/0008,1,
209 ,SGP/025,13,
211 ,SUN/188,3,
211 ,SUN/181,5,
211 ,SUN/210,1,
211 ,SUN/211,1,
211 ,SUN/048,7,
211 ,SUN/136,6,
211 ,MUD/016,4,
211 ,SUN/144,10,
211 ,SSN/020,3,
211 ,SUN/033,5,
211 ,SSN/035,3,
211 ,SUN/217,2,
211 ,SSN/068,3,
211 ,SUN/067,38,
211 ,SUN/055,8,
211 ,SUN/190,5,
211 ,SUN/214,2,
211 ,SUN/139,7,
211 ,SUN/016,5,
211 ,SUN/199,4,
211 ,SUN/050,20,
211 ,SUN/005,16,
211 ,SUN/086,15,
211 ,SUN/221,1,
211 ,SUN/137,6,
211 ,SUN/216,2,
211 ,SUN/203,3,
211 ,SUN/102,4,
211 ,SC/0004,2,
211 ,SC/0002,3,
211 ,SC/0006,2,
211 ,SG/0010,2,
211 ,SUN/013,3,
211 ,SUN/202,2,
211 ,SUN/222,1,
212 ,SUN/001,17,
212 ,SUN/045,7,
212 ,SUN/095,12,
212 ,SUN/109,9,
212 ,SUN/139,8,
212 ,SUN/180,4,
212 ,SUN/216,3,
212 ,SUN/223,1,
212 ,SG/0005,2,
212 ,SSN/064,4,
212 ,SSN/029,3,
212 ,SUN/011,3,
212 ,SUN/031,5,
212 ,SUN/061,3,
212 ,SUN/067,42,
212 ,SUN/107,4,
212 ,SUN/114,2,
212 ,SUN/121,2,
212 ,SUN/144,11,
212 ,SUN/164,2,
212 ,SUN/181,6,
212 ,SUN/209,2,
212 ,SUN/212,6,
212 ,SUN/214,3,
212 ,SUN/224,1,
212 ,SUN/189,3,
213 ,MUD/165,1,
213 ,SC/0007,2,
213 ,SC/0013,1,
213 ,SC/0014,1,
213 ,SG/0012,1,
213 ,SUN/005,17,
213 ,SUN/015,8,
213 ,SUN/050,21,
213 ,SUN/104,9,
213 ,SUN/114,3,
213 ,SUN/144,12,
213 ,SUN/168,3,
213 ,SUN/181,7,
213 ,SUN/193,3,
213 ,SUN/199,5,
213 ,SUN/209,3,
213 ,SUN/213,2,
213 ,SUN/214,4,
213 ,SUN/210,3,
213 ,SUN/211,3,
213 ,SUN/226,1,
213 ,SUN/228,1,
213 ,SUN/212,7,
213 ,SUN/055,10,
213 ,SUN/086,16,
213 ,SUN/095,13,
213 ,SUN/139,9,
213 ,SUN/190,6,
213 ,SUN/216,4,
213 ,SUN/223,2,
213 ,SUN/001,18,
214 ,SUN/211,4,
214 ,SUN/067,45,
214 ,SUN/210,4,
214 ,SUN/227,1,
214 ,MUD/166,1,
214 ,MUD/167,1,
214 ,SUN/209,4,
214 ,SSN/004,8,
214 ,SUN/092,11,
214 ,SUN/077,8,
214 ,SUN/088,6,
214 ,SUN/144,3,
214 ,SUN/219,2,
214 ,SUN/193,4,
214 ,SUN/228,2,
214 ,SUN/182,6,
214 ,SC/0005,2,
214 ,SC/0006,3,
214 ,SC/0014,2,
214 ,SGP/021,9,
214 ,SUN/028,12,
214 ,SUN/139,1,
214 ,SUN/055,11,
214 ,SUN/226,2,
214 ,SUN/086,17,
214 ,SUN/214,5,
214 ,SUN/095,14,
214 ,SUN/109,10,
214 ,SUN/045,9,
214 ,SUN/223,3,
214 ,SUN/216,5,
215 ,SC/0015,1,
215 ,SSN/072,1,
215 ,SUN/190,7,
215 ,SUN/055,12,
215 ,SUN/048,8,
215 ,SUN/033,7,
215 ,SG/0012,2,
215 ,SUN/150,5,
215 ,SUN/209,6,
215 ,SUN/180,5,
215 ,SSN/004,9,
215 ,SUN/210,5,
215 ,SUN/114,4,
215 ,SUN/104,10,
215 ,SUN/228,3,
215 ,SUN/181,8,
215 ,SUN/199,7,
215 ,SUN/129,5,
215 ,SUN/223,4,
215 ,SUN/095,15,
215 ,SUN/214,7,
215 ,SUN/226,3,
215 ,SUN/211,5,
215 ,SUN/017,7,
215 ,SUN/139,12,
215 ,SUN/216,6,
215 ,SUN/001,20,
216 ,SC/0013,1,
215 ,SUN/212,9,
216 ,SC/0011,2,
216 ,SC/0015,2,
216 ,SC/0016,1,
216 ,SC/0005,3,
216 ,SC/0006,4,
216 ,SSN/020,3,
216 ,SSN/029,5,
216 ,SSN/004,13,
216 ,SSN/072,2,
216 ,SSN/075,1,
216 ,SSN/076,1,
216 ,SSN/077,0,
216 ,SUN/104,11,
216 ,SUN/121,3,
216 ,SUN/212,10,
216 ,SUN/139,15,
216 ,SUN/143,4,
216 ,SUN/144,15,
216 ,SUN/160,5,
216 ,SUN/017,9,
216 ,SUN/181,10,
216 ,SUN/183,4,
216 ,SUN/001,22,
216 ,SUN/190,10,
216 ,SUN/193,5,
216 ,SUN/200,3,
216 ,SUN/210,11,
216 ,SUN/211,11,
216 ,SUN/214,9,
216 ,SUN/216,7,
216 ,SUN/223,6,
216 ,SUN/224,2,
216 ,SUN/226,4,
216 ,SUN/228,4,
216 ,SUN/229,1,
216 ,SUN/230,3,
216 ,SUN/231,3,
216 ,SUN/232,5,
216 ,SUN/233,2,
216 ,SUN/234,1,
216 ,SUN/235,2,
216 ,SUN/236,1,
216 ,SUN/237,1,
216 ,SUN/239,1,
216 ,SUN/240,1,
216 ,SUN/238,1,
216 ,SUN/241,0,
216 ,SUN/243,1,
216 ,SUN/244,1,
216 ,SUN/002,4,
216 ,SUN/045,12,
216 ,SUN/055,17,
216 ,SUN/067,54,
216 ,SUN/086,19,
216 ,SUN/087,6,
216 ,SUN/095,19,
217,SUN/214,10,
217,SUN/238,2,
217,SUN/239,2,
217,SUN/232,6,
217,SUN/236,2,
217,SUN/121,4,
217,SUN/139,16,
217,SUN/230,4,
217,SUN/245,0,
217,SUN/095,21,
217,SUN/086,20,
217,SUN/055,18,
217,SUN/045,13,
217,SSN/064,5,
217,SC/0010,2,
217,SC/0017,1,
217,SUN/235,3,
215,SGP/021,10,
218,SUN/001,23,
218,SUN/005,18,
218,SUN/050,24,
218,SUN/055,19,
218,SUN/067,61,
218,SUN/095,23,
218,SUN/109,11,
218,SUN/121,5,
218,SUN/132,3,
218,SUN/150,6,
218,SUN/160,6,
218,SUN/193,6,
218,SUN/210,12,
218,SUN/211,12,
218,SUN/212,12,
218,SUN/214,13,
218,SUN/216,8,
218,SUN/227,2,
218,SUN/228,5,
218,SUN/230,5,
218,SUN/232,7,
218,SUN/236,3,
218,SUN/238,3,
218,SUN/243,2,
218,SUN/246,1,
218,SUN/251,1,
218,JAVADOC,1,
219,JAVADOC,2,
219,SSN/011,1,
219,SUN/050,24,
219,SUN/095,27,
219,SUN/193,7,
219,SUN/210,15,
219,SUN/211,15,
219,SUN/214,15,
219,SUN/226,8,
219,SUN/238,4,
219,SUN/243,3,
219,SUN/251,2,
219,SUN/253,1,
219,SUN/254,1,
219,SUN/067,63,
219,SUN/230,6,
219,SUN/231,4,
219,SUN/232,8,
219,SUN/233,4,
219,SUN/236,4,
219,SUN/246,2,
219,SUN/137,7,
